{
    "model": {
        "type": "range_dispatch",
        "property": "custom_model_data",
        "fallback": {
            "type": "model",
            "model": "item/recovery_compass_16"
        },
        "entries": [
            {
                "threshold": 1,
                "model": {
                    "type": "model",
                    "model": "item/beacon/global/item/brass_compass/brass_compass"
                }
            },
            {
                "threshold": 1,
                "model": {
                    "type": "model",
                    "model": "item/beacon/global/item/brass_compass/brass_compass_17"
                }
            },
            {
                "threshold": 1,
                "model": {
                    "type": "model",
                    "model": "item/beacon/global/item/brass_compass/brass_compass_18"
                }
            },
            {
                "threshold": 1,
                "model": {
                    "type": "model",
                    "model": "item/beacon/global/item/brass_compass/brass_compass_19"
                }
            },
            {
                "threshold": 1,
                "model": {
                    "type": "model",
                    "model": "item/beacon/global/item/brass_compass/brass_compass_20"
                }
            },
            {
                "threshold": 1,
                "model": {
                    "type": "model",
                    "model": "item/beacon/global/item/brass_compass/brass_compass_21"
                }
            },
            {
                "threshold": 1,
                "model": {
                    "type": "model",
                    "model": "item/beacon/global/item/brass_compass/brass_compass_22"
                }
            },
            {
                "threshold": 1,
                "model": {
                    "type": "model",
                    "model": "item/beacon/global/item/brass_compass/brass_compass_23"
                }
            },
            {
                "threshold": 1,
                "model": {
                    "type": "model",
                    "model": "item/beacon/global/item/brass_compass/brass_compass_24"
                }
            },
            {
                "threshold": 1,
                "model": {
                    "type": "model",
                    "model": "item/beacon/global/item/brass_compass/brass_compass_25"
                }
            },
            {
                "threshold": 1,
                "model": {
                    "type": "model",
                    "model": "item/beacon/global/item/brass_compass/brass_compass_26"
                }
            },
            {
                "threshold": 1,
                "model": {
                    "type": "model",
                    "model": "item/beacon/global/item/brass_compass/brass_compass_27"
                }
            },
            {
                "threshold": 1,
                "model": {
                    "type": "model",
                    "model": "item/beacon/global/item/brass_compass/brass_compass_28"
                }
            },
            {
                "threshold": 1,
                "model": {
                    "type": "model",
                    "model": "item/beacon/global/item/brass_compass/brass_compass_29"
                }
            },
            {
                "threshold": 1,
                "model": {
                    "type": "model",
                    "model": "item/beacon/global/item/brass_compass/brass_compass_30"
                }
            },
            {
                "threshold": 1,
                "model": {
                    "type": "model",
                    "model": "item/beacon/global/item/brass_compass/brass_compass_31"
                }
            },
            {
                "threshold": 1,
                "model": {
                    "type": "model",
                    "model": "item/beacon/global/item/brass_compass/brass_compass_00"
                }
            },
            {
                "threshold": 1,
                "model": {
                    "type": "model",
                    "model": "item/beacon/global/item/brass_compass/brass_compass_01"
                }
            },
            {
                "threshold": 1,
                "model": {
                    "type": "model",
                    "model": "item/beacon/global/item/brass_compass/brass_compass_02"
                }
            },
            {
                "threshold": 1,
                "model": {
                    "type": "model",
                    "model": "item/beacon/global/item/brass_compass/brass_compass_03"
                }
            },
            {
                "threshold": 1,
                "model": {
                    "type": "model",
                    "model": "item/beacon/global/item/brass_compass/brass_compass_04"
                }
            },
            {
                "threshold": 1,
                "model": {
                    "type": "model",
                    "model": "item/beacon/global/item/brass_compass/brass_compass_05"
                }
            },
            {
                "threshold": 1,
                "model": {
                    "type": "model",
                    "model": "item/beacon/global/item/brass_compass/brass_compass_06"
                }
            },
            {
                "threshold": 1,
                "model": {
                    "type": "model",
                    "model": "item/beacon/global/item/brass_compass/brass_compass_07"
                }
            },
            {
                "threshold": 1,
                "model": {
                    "type": "model",
                    "model": "item/beacon/global/item/brass_compass/brass_compass_08"
                }
            },
            {
                "threshold": 1,
                "model": {
                    "type": "model",
                    "model": "item/beacon/global/item/brass_compass/brass_compass_09"
                }
            },
            {
                "threshold": 1,
                "model": {
                    "type": "model",
                    "model": "item/beacon/global/item/brass_compass/brass_compass_10"
                }
            },
            {
                "threshold": 1,
                "model": {
                    "type": "model",
                    "model": "item/beacon/global/item/brass_compass/brass_compass_11"
                }
            },
            {
                "threshold": 1,
                "model": {
                    "type": "model",
                    "model": "item/beacon/global/item/brass_compass/brass_compass_12"
                }
            },
            {
                "threshold": 1,
                "model": {
                    "type": "model",
                    "model": "item/beacon/global/item/brass_compass/brass_compass_13"
                }
            },
            {
                "threshold": 1,
                "model": {
                    "type": "model",
                    "model": "item/beacon/global/item/brass_compass/brass_compass_14"
                }
            },
            {
                "threshold": 1,
                "model": {
                    "type": "model",
                    "model": "item/beacon/global/item/brass_compass/brass_compass_15"
                }
            },
            {
                "threshold": 1,
                "model": {
                    "type": "model",
                    "model": "item/beacon/global/item/brass_compass/brass_compass"
                }
            }
        ]
    }
}