{
	"credit": "Made with Blockbench",
	"texture_size": [64, 64],
	"textures": {
		"3": "beacon/global/item/cosmetic/hat/christmas/christmas_bunny_hat"
	},
	"elements": [
		{
			"from": [1, 4, 9],
			"to": [5, 19, 10],
			"rotation": {"angle": 22.5, "axis": "z", "origin": [3, 8, 9.5]},
			"faces": {
				"north": {"uv": [4, 6, 5, 9.75], "texture": "#3"},
				"east": {"uv": [3.5, 8, 3.75, 11.75], "texture": "#3"},
				"south": {"uv": [5, 6, 6, 9.75], "texture": "#3"},
				"west": {"uv": [3.75, 8, 4, 11.75], "texture": "#3"},
				"up": {"uv": [9.5, 5, 8.5, 4.75], "texture": "#3"},
				"down": {"uv": [9.5, 5, 8.5, 5.25], "texture": "#3"}
			}
		},
		{
			"from": [11, 4, 9],
			"to": [15, 19, 10],
			"rotation": {"angle": -22.5, "axis": "z", "origin": [13, 8, 9.5]},
			"faces": {
				"north": {"uv": [5, 6, 4, 9.75], "texture": "#3"},
				"east": {"uv": [4, 8, 3.75, 11.75], "texture": "#3"},
				"south": {"uv": [6, 6, 5, 9.75], "texture": "#3"},
				"west": {"uv": [3.75, 8, 3.5, 11.75], "texture": "#3"},
				"up": {"uv": [8.5, 5, 9.5, 4.75], "texture": "#3"},
				"down": {"uv": [8.5, 5, 9.5, 5.25], "texture": "#3"}
			}
		}
	],
	"display": {
		"thirdperson_righthand": {
			"rotation": [75, 45, 0],
			"translation": [0, 2.5, 0],
			"scale": [0.375, 0.375, 0.375]
		},
		"thirdperson_lefthand": {
			"rotation": [75, 45, 0],
			"translation": [0, 2.5, 0],
			"scale": [0.375, 0.375, 0.375]
		},
		"firstperson_righthand": {
			"rotation": [0, 45, 0],
			"scale": [0.4, 0.4, 0.4]
		},
		"firstperson_lefthand": {
			"rotation": [0, 45, 0],
			"scale": [0.4, 0.4, 0.4]
		},
		"ground": {
			"translation": [0, 2.25, 0],
			"scale": [0.5, 0.5, 0.5]
		},
		"gui": {
			"rotation": [30, 225, 0],
			"translation": [0, -1.5, 0],
			"scale": [0.625, 0.625, 0.625]
		},
		"head": {
			"translation": [0, 6, 0],
			"scale": [1.2, 1.2, 1.2]
		}
	},
	"groups": [
		{
			"name": "group",
			"origin": [7, -2, 0],
			"color": 0,
			"children": [0, 1]
		}
	]
}