{
	"credit": "Made with Blockbench",
	"texture_size": [64, 64],
	"textures": {
		"1": "beacon/global/item/cosmetic/hat/christmas/christmas_cat_hat",
		"particle": "beacon/global/item/cosmetic/hat/christmas/christmas_cat_hat"
	},
	"elements": [
		{
			"from": [1.40076, 6.55042, 6],
			"to": [4.40076, 9.55042, 7],
			"rotation": {"angle": 22.5, "axis": "z", "origin": [2.91997, 8.53301, 6.75]},
			"faces": {
				"north": {"uv": [4.75, 7.25, 5.5, 8], "texture": "#1"},
				"east": {"uv": [6.25, 7.25, 6.5, 8], "texture": "#1"},
				"south": {"uv": [7.25, 4.75, 8, 5.5], "texture": "#1"},
				"west": {"uv": [6.5, 7.25, 6.75, 8], "texture": "#1"},
				"up": {"uv": [8.25, 7, 7.5, 6.75], "texture": "#1"},
				"down": {"uv": [8.25, 7, 7.5, 7.25], "texture": "#1"}
			}
		},
		{
			"from": [1.43918, 4.51559, 7],
			"to": [5.43918, 13.51559, 7],
			"rotation": {"angle": 22.5, "axis": "z", "origin": [2.91997, 8.53301, 6.75]},
			"faces": {
				"north": {"uv": [0, 6.25, 1, 8.5], "texture": "#1"},
				"east": {"uv": [0, 0, 0, 2.25], "texture": "#1"},
				"south": {"uv": [0, 6.25, 1, 8.5], "texture": "#1"},
				"west": {"uv": [0, 0, 0, 2.25], "texture": "#1"},
				"up": {"uv": [0.75, 0, 0, 0], "texture": "#1"},
				"down": {"uv": [0.75, 0, 0, 0], "texture": "#1"}
			}
		},
		{
			"from": [11.59924, 6.55042, 6],
			"to": [14.59924, 9.55042, 7],
			"rotation": {"angle": -22.5, "axis": "z", "origin": [13.08003, 8.53301, 6.75]},
			"faces": {
				"north": {"uv": [5.5, 7.25, 4.75, 8], "texture": "#1"},
				"east": {"uv": [6.75, 7.25, 6.5, 8], "texture": "#1"},
				"south": {"uv": [8, 4.75, 7.25, 5.5], "texture": "#1"},
				"west": {"uv": [6.5, 7.25, 6.25, 8], "texture": "#1"},
				"up": {"uv": [7.5, 7, 8.25, 6.75], "texture": "#1"},
				"down": {"uv": [7.5, 7, 8.25, 7.25], "texture": "#1"}
			}
		},
		{
			"from": [10.56082, 4.51559, 7],
			"to": [14.56082, 13.51559, 7],
			"rotation": {"angle": -22.5, "axis": "z", "origin": [13.08003, 8.53301, 6.75]},
			"faces": {
				"north": {"uv": [1, 6.25, 0, 8.5], "texture": "#1"},
				"east": {"uv": [0, 0, 0, 2.25], "texture": "#1"},
				"south": {"uv": [1, 6.25, 0, 8.5], "texture": "#1"},
				"west": {"uv": [0, 0, 0, 2.25], "texture": "#1"},
				"up": {"uv": [0, 0, 0.75, 0], "texture": "#1"},
				"down": {"uv": [0, 0, 0.75, 0], "texture": "#1"}
			}
		}
	],
	"display": {
		"thirdperson_righthand": {
			"rotation": [75, 45, 0],
			"translation": [0, 2.5, 0],
			"scale": [0.375, 0.375, 0.375]
		},
		"thirdperson_lefthand": {
			"rotation": [75, 45, 0],
			"translation": [0, 2.5, 0],
			"scale": [0.375, 0.375, 0.375]
		},
		"firstperson_righthand": {
			"rotation": [0, 45, 0],
			"scale": [0.4, 0.4, 0.4]
		},
		"firstperson_lefthand": {
			"rotation": [0, 45, 0],
			"scale": [0.4, 0.4, 0.4]
		},
		"ground": {
			"translation": [0, 2.25, 0],
			"scale": [0.5, 0.5, 0.5]
		},
		"gui": {
			"rotation": [30, 225, 0],
			"translation": [0, -0.75, 0],
			"scale": [0.625, 0.625, 0.625]
		},
		"head": {
			"translation": [0, 5, 0.25],
			"scale": [1.25, 1.25, 1.25]
		}
	},
	"groups": [
		{
			"name": "group",
			"origin": [7, -2, 0],
			"color": 0,
			"children": []
		},
		{
			"name": "group",
			"origin": [2.91997, 8.53301, 6.75],
			"color": 0,
			"children": [0, 1]
		},
		{
			"name": "group",
			"origin": [2.91997, 8.53301, 6.75],
			"color": 0,
			"children": [2, 3]
		}
	]
}