{
	"credit": "Made by pedravila",
	"textures": {
		"0": "teddy_bear",
		"particle": "teddy_bear"
	},
	"elements": [
		{
			"from": [6, 6, 7],
			"to": [10, 10, 10],
			"rotation": {"angle": 0, "axis": "y", "origin": [0, 0, -3]},
			"faces": {
				"north": {"uv": [4, 5, 6, 7], "texture": "#0"},
				"east": {"uv": [2, 6, 3.5, 8], "texture": "#0"},
				"south": {"uv": [0, 6, 2, 8], "texture": "#0"},
				"west": {"uv": [6, 5, 7.5, 7], "texture": "#0"},
				"up": {"uv": [8.5, 3.5, 6.5, 2], "texture": "#0"},
				"down": {"uv": [8.5, 3.5, 6.5, 5], "texture": "#0"}
			}
		},
		{
			"from": [7, 6, 6],
			"to": [9, 8, 7],
			"rotation": {"angle": 0, "axis": "y", "origin": [0, 0, -3]},
			"faces": {
				"north": {"uv": [7.5, 1, 8.5, 2], "texture": "#0"},
				"east": {"uv": [3.5, 6, 4, 7], "texture": "#0"},
				"south": {"uv": [8.5, 7.5, 9.5, 8.5], "texture": "#0"},
				"west": {"uv": [3, 8, 3.5, 9], "texture": "#0"},
				"up": {"uv": [10.5, 2.5, 9.5, 2], "texture": "#0"},
				"down": {"uv": [10.5, 9.5, 9.5, 10], "texture": "#0"}
			}
		},
		{
			"from": [5, 9, 8.75],
			"to": [7, 11, 9.75],
			"rotation": {"angle": 0, "axis": "y", "origin": [0, 0, -3]},
			"faces": {
				"north": {"uv": [8.5, 8.5, 9.5, 9.5], "texture": "#0"},
				"east": {"uv": [7, 9.5, 7.5, 10.5], "texture": "#0"},
				"south": {"uv": [9, 0, 10, 1], "texture": "#0"},
				"west": {"uv": [10, 0, 10.5, 1], "texture": "#0"},
				"up": {"uv": [11, 3, 10, 2.5], "texture": "#0"},
				"down": {"uv": [11, 3, 10, 3.5], "texture": "#0"}
			}
		},
		{
			"from": [9, 9, 8.75],
			"to": [11, 11, 9.75],
			"rotation": {"angle": 0, "axis": "y", "origin": [16, 0, -3]},
			"faces": {
				"north": {"uv": [9.5, 1, 10.5, 2], "texture": "#0"},
				"east": {"uv": [10, 3.5, 10.5, 4.5], "texture": "#0"},
				"south": {"uv": [2, 9.5, 3, 10.5], "texture": "#0"},
				"west": {"uv": [7.5, 10, 8, 11], "texture": "#0"},
				"up": {"uv": [10.5, 10.5, 9.5, 10], "texture": "#0"},
				"down": {"uv": [1, 10.5, 0, 11], "texture": "#0"}
			}
		},
		{
			"from": [5.5, 0, 7],
			"to": [10.5, 6, 10.5],
			"rotation": {"angle": 0, "axis": "y", "origin": [0, 0, -3]},
			"faces": {
				"north": {"uv": [0, 0, 2.5, 3], "texture": "#0"},
				"east": {"uv": [0, 3, 2, 6], "texture": "#0"},
				"south": {"uv": [2.5, 0, 5, 3], "texture": "#0"},
				"west": {"uv": [2, 3, 4, 6], "texture": "#0"},
				"up": {"uv": [6.5, 5, 4, 3], "texture": "#0"},
				"down": {"uv": [7.5, 0, 5, 2], "texture": "#0"}
			}
		},
		{
			"from": [7.5, 0, 10.5],
			"to": [8.5, 1, 11.5],
			"rotation": {"angle": 0, "axis": "y", "origin": [0, 0, -3]},
			"faces": {
				"north": {"uv": [3, 9, 3.5, 9.5], "texture": "#0"},
				"east": {"uv": [10.5, 4.5, 11, 5], "texture": "#0"},
				"south": {"uv": [10.5, 5, 11, 5.5], "texture": "#0"},
				"west": {"uv": [5.5, 10.5, 6, 11], "texture": "#0"},
				"up": {"uv": [11, 6, 10.5, 5.5], "texture": "#0"},
				"down": {"uv": [6.5, 10.5, 6, 11], "texture": "#0"}
			}
		},
		{
			"from": [9.5, -0.1, 4.5],
			"to": [11.5, 1.9, 7.5],
			"rotation": {"angle": -22.5, "axis": "y", "origin": [10.5, 0.9, 6]},
			"faces": {
				"north": {"uv": [3, 9.5, 4, 10.5], "texture": "#0"},
				"east": {"uv": [5, 2, 6.5, 3], "texture": "#0"},
				"south": {"uv": [4, 9.5, 5, 10.5], "texture": "#0"},
				"west": {"uv": [7.5, 0, 9, 1], "texture": "#0"},
				"up": {"uv": [3, 9.5, 2, 8], "texture": "#0"},
				"down": {"uv": [9.5, 1, 8.5, 2.5], "texture": "#0"}
			}
		},
		{
			"from": [4.5, -0.1, 4.5],
			"to": [6.5, 1.9, 7.5],
			"rotation": {"angle": 22.5, "axis": "y", "origin": [5.5, 0.9, 6]},
			"faces": {
				"north": {"uv": [4, 9.5, 3, 10.5], "texture": "#0"},
				"east": {"uv": [9, 0, 7.5, 1], "texture": "#0"},
				"south": {"uv": [5, 9.5, 4, 10.5], "texture": "#0"},
				"west": {"uv": [6.5, 2, 5, 3], "texture": "#0"},
				"up": {"uv": [2, 9.5, 3, 8], "texture": "#0"},
				"down": {"uv": [8.5, 1, 9.5, 2.5], "texture": "#0"}
			}
		},
		{
			"from": [9.83827, 3.07265, 4.5],
			"to": [11.83827, 5.07265, 9.5],
			"rotation": {"angle": -22.5, "axis": "x", "origin": [10.83827, 4.07265, 7]},
			"faces": {
				"north": {"uv": [10.5, 7.5, 9.5, 8.5], "rotation": 180, "texture": "#0"},
				"east": {"uv": [7.5, 7.5, 8.5, 10], "rotation": 270, "texture": "#0"},
				"south": {"uv": [10.5, 7.5, 9.5, 6.5], "texture": "#0"},
				"west": {"uv": [1, 8, 2, 10.5], "rotation": 90, "texture": "#0"},
				"up": {"uv": [7.5, 5, 8.5, 7.5], "rotation": 180, "texture": "#0"},
				"down": {"uv": [0, 8, 1, 10.5], "texture": "#0"}
			}
		},
		{
			"from": [4.16173, 3.07265, 4.5],
			"to": [6.16173, 5.07265, 9.5],
			"rotation": {"angle": -22.5, "axis": "x", "origin": [5.16173, 4.07265, 7]},
			"faces": {
				"north": {"uv": [9.5, 7.5, 10.5, 8.5], "rotation": 180, "texture": "#0"},
				"east": {"uv": [1, 10.5, 2, 8], "rotation": 90, "texture": "#0"},
				"south": {"uv": [9.5, 7.5, 10.5, 6.5], "texture": "#0"},
				"west": {"uv": [7.5, 10, 8.5, 7.5], "rotation": 270, "texture": "#0"},
				"up": {"uv": [8.5, 5, 7.5, 7.5], "rotation": 180, "texture": "#0"},
				"down": {"uv": [1, 8, 0, 10.5], "texture": "#0"}
			}
		},
		{
			"from": [2.5, 6.75, 5],
			"to": [5.5, 9.75, 7],
			"rotation": {"angle": -45, "axis": "z", "origin": [0, 1, -1]},
			"faces": {
				"north": {"uv": [8.5, 9.5, 9.5, 10.5], "texture": "#0"},
				"east": {"uv": [8, 10, 8.5, 11], "texture": "#0"},
				"south": {"uv": [9.5, 8.5, 10.5, 9.5], "texture": "#0"},
				"west": {"uv": [10.5, 0, 11, 1], "texture": "#0"},
				"up": {"uv": [2, 11, 1, 10.5], "texture": "#0"},
				"down": {"uv": [11.5, 1, 10.5, 1.5], "texture": "#0"}
			}
		},
		{
			"from": [0.5, 6.75, 5],
			"to": [2.5, 9.75, 7],
			"rotation": {"angle": -45, "axis": "z", "origin": [0, 1, -1]},
			"faces": {
				"north": {"uv": [10.5, 1.5, 11, 2.5], "texture": "#0"},
				"east": {"uv": [2, 10.5, 2.5, 11.5], "texture": "#0"},
				"south": {"uv": [2.5, 10.5, 3, 11.5], "texture": "#0"},
				"west": {"uv": [3, 10.5, 3.5, 11.5], "texture": "#0"},
				"up": {"uv": [11, 6.5, 10.5, 6], "texture": "#0"},
				"down": {"uv": [7, 10.5, 6.5, 11], "texture": "#0"}
			}
		},
		{
			"from": [2.5, 9.75, 5],
			"to": [5.5, 11.75, 7],
			"rotation": {"angle": -45, "axis": "z", "origin": [0, 1, -1]},
			"faces": {
				"north": {"uv": [3.5, 10.5, 4.5, 11], "texture": "#0"},
				"east": {"uv": [10.5, 6.5, 11, 7], "texture": "#0"},
				"south": {"uv": [10.5, 3.5, 11.5, 4], "texture": "#0"},
				"west": {"uv": [7, 10.5, 7.5, 11], "texture": "#0"},
				"up": {"uv": [11.5, 4.5, 10.5, 4], "texture": "#0"},
				"down": {"uv": [5.5, 10.5, 4.5, 11], "texture": "#0"}
			}
		}
	],
	"display": {
		"thirdperson_righthand": {
			"rotation": [59, 0, 0],
			"translation": [0, 2.5, 2]
		},
		"thirdperson_lefthand": {
			"rotation": [59, 0, 0],
			"translation": [0, 2.5, 2]
		},
		"firstperson_righthand": {
			"rotation": [163.51, 51.14, -162.07],
			"translation": [1, 6, 0],
			"scale": [0.8, 0.8, 0.8]
		},
		"firstperson_lefthand": {
			"rotation": [163.51, 51.14, -162.07],
			"translation": [1, 6, 0],
			"scale": [0.8, 0.8, 0.8]
		},
		"ground": {
			"translation": [0, 5, 0]
		},
		"gui": {
			"rotation": [-170.45, 10.04, -176.41],
			"translation": [0.25, 2.75, 0]
		},
		"head": {
			"translation": [0, 14.25, 0]
		},
		"fixed": {
			"rotation": [-90, 0, 0],
			"translation": [0, 0, -16.25],
			"scale": [2, 2, 2]
		}
	},
	"groups": [
		{
			"name": "Hibiscus_StuffedAnimal",
			"origin": [8, 8, 8],
			"color": 0,
			"children": [0, 1, 2, 3, 4, 5, 6, 7, 8, 9, 10, 11, 12]
		}
	]
}