{
	"credit": "Made with Blockbench",
	"texture_size": [64, 64],
	"textures": {
		"4": "beacon/global/item/cosmetic/hat/christmas/christmas_koala_hat"
	},
	"elements": [
		{
			"from": [-1, 2, 7],
			"to": [4, 7, 8],
			"rotation": {"angle": 0, "axis": "y", "origin": [2, 2, 7]},
			"faces": {
				"north": {"uv": [6.5, 6.25, 7.75, 7.5], "texture": "#4"},
				"east": {"uv": [1.5, 7.25, 1.75, 8.5], "texture": "#4"},
				"south": {"uv": [2, 7, 3.25, 8.25], "texture": "#4"},
				"west": {"uv": [1.75, 7.25, 2, 8.5], "texture": "#4"},
				"up": {"uv": [5.75, 3.75, 4.5, 3.5], "texture": "#4"},
				"down": {"uv": [5.75, 3.75, 4.5, 4], "texture": "#4"}
			}
		},
		{
			"from": [-3, 0, 7.5],
			"to": [4, 7, 7.5],
			"rotation": {"angle": 0, "axis": "y", "origin": [2, 2, 7.5]},
			"faces": {
				"north": {"uv": [2.5, 4, 4.25, 5.75], "texture": "#4"},
				"east": {"uv": [0, 0, 0, 1.75], "texture": "#4"},
				"south": {"uv": [4.25, 4, 6, 5.75], "texture": "#4"},
				"west": {"uv": [0, 0, 0, 1.75], "texture": "#4"},
				"up": {"uv": [1.75, 0, 0, 0], "texture": "#4"},
				"down": {"uv": [1.75, 0, 0, 0], "texture": "#4"}
			}
		},
		{
			"from": [12, 2, 7],
			"to": [17, 7, 8],
			"rotation": {"angle": 0, "axis": "y", "origin": [14, 2, 7]},
			"faces": {
				"north": {"uv": [3.25, 7, 4.5, 8.25], "texture": "#4"},
				"east": {"uv": [5.75, 8, 6, 9.25], "texture": "#4"},
				"south": {"uv": [4.5, 7, 5.75, 8.25], "texture": "#4"},
				"west": {"uv": [6, 8, 6.25, 9.25], "texture": "#4"},
				"up": {"uv": [9, 3.75, 7.75, 3.5], "texture": "#4"},
				"down": {"uv": [9, 7, 7.75, 7.25], "texture": "#4"}
			}
		},
		{
			"from": [12, 0, 7.5],
			"to": [19, 7, 7.5],
			"rotation": {"angle": 0, "axis": "y", "origin": [14, 2, 7.5]},
			"faces": {
				"north": {"uv": [4.25, 4, 6, 5.75], "texture": "#4"},
				"east": {"uv": [0, 0, 0, 1.75], "texture": "#4"},
				"south": {"uv": [2.5, 4, 4.25, 5.75], "texture": "#4"},
				"west": {"uv": [0, 0, 0, 1.75], "texture": "#4"},
				"up": {"uv": [1.75, 0, 0, 0], "texture": "#4"},
				"down": {"uv": [1.75, 0, 0, 0], "texture": "#4"}
			}
		}
	],
	"display": {
		"thirdperson_righthand": {
			"rotation": [75, 45, 0],
			"translation": [0, 2.5, 0],
			"scale": [0.375, 0.375, 0.375]
		},
		"thirdperson_lefthand": {
			"rotation": [75, 45, 0],
			"translation": [0, 2.5, 0],
			"scale": [0.375, 0.375, 0.375]
		},
		"firstperson_righthand": {
			"rotation": [0, 45, 0],
			"scale": [0.4, 0.4, 0.4]
		},
		"firstperson_lefthand": {
			"rotation": [0, 45, 0],
			"scale": [0.4, 0.4, 0.4]
		},
		"ground": {
			"translation": [0, 3.75, 0],
			"scale": [0.5, 0.5, 0.5]
		},
		"gui": {
			"rotation": [30, 225, 0],
			"translation": [0, -0.25, 0],
			"scale": [0.625, 0.625, 0.625]
		},
		"head": {
			"translation": [0, 6.25, 0],
			"scale": [1.6, 1.6, 1.6]
		}
	}
}