{
    "model": {
        "type": "range_dispatch",
        "property": "custom_model_data",
        "fallback": {
            "type": "model",
            "model": "minecraft:item/barrier"
        },
        "entries": [
            {
                "threshold": 1,
                "model": {
                    "type": "model",
                    "model": "item/beacon/global/item/tutorial"
                }
            },
            {
                "threshold": 2,
                "model": {
                    "type": "model",
                    "model": "item/beacon/global/item/tutorial_hotbar"
                }
            },
            {
                "threshold": 1000,
                "model": {
                    "type": "model",
                    "model": "item/beacon/global/item/invisible_item"
                }
            }
        ]
    }
}