{
    "model": {
        "type": "range_dispatch",
        "property": "custom_model_data",
        "fallback": {
            "type": "model",
            "model": "minecraft:item/dried_kelp"
        },
        "entries": [
            {
                "threshold": 100,
                "model": {
                    "type": "model",
                    "model": "item/beacon/global/item/food/chocolate"
                }
            },
            {
                "threshold": 101,
                "model": {
                    "type": "model",
                    "model": "item/beacon/global/item/food/candy_hearts"
                }
            }
        ]
    }
}