{
    "model": {
        "type": "range_dispatch",
        "property": "custom_model_data",
        "fallback": {
            "type": "model",
            "model": "minecraft:item/leather_horse_armor"
        },
        "entries": [
            {
                "threshold": 1001,
                "model": {
                    "type": "model",
                    "model": "item/beacon/global/item/cosmetic/hat/bear_ears/bear_ears_brown_yellow"
                }
            },
            {
                "threshold": 1002,
                "model": {
                    "type": "model",
                    "model": "item/beacon/global/item/cosmetic/hat/bear_ears/bear_ears_white_blue"
                }
            },
            {
                "threshold": 1003,
                "model": {
                    "type": "model",
                    "model": "item/beacon/global/item/cosmetic/hat/bunny_ears/bunny_ears_brown_yellow"
                }
            },
            {
                "threshold": 1004,
                "model": {
                    "type": "model",
                    "model": "item/beacon/global/item/cosmetic/hat/cat_ears/cat_ears_brown_yellow"
                }
            },
            {
                "threshold": 1005,
                "model": {
                    "type": "model",
                    "model": "item/beacon/global/item/cosmetic/hat/cat_ears/nyan_cat_ears"
                }
            },
            {
                "threshold": 1006,
                "model": {
                    "type": "model",
                    "model": "item/beacon/global/item/cosmetic/hat/top_hat/top_hat"
                }
            },
            {
                "threshold": 1007,
                "model": {
                    "type": "model",
                    "model": "item/beacon/global/item/cosmetic/hat/top_hat/top_hat_long"
                }
            },
            {
                "threshold": 1008,
                "model": {
                    "type": "model",
                    "model": "item/beacon/global/item/cosmetic/hat/pizza_box"
                }
            },
            {
                "threshold": 1009,
                "model": {
                    "type": "model",
                    "model": "item/beacon/global/item/cosmetic/hat/straw_hat"
                }
            },
            {
                "threshold": 1010,
                "model": {
                    "type": "model",
                    "model": "item/beacon/global/item/cosmetic/hat/trash_can"
                }
            },
            {
                "threshold": 1011,
                "model": {
                    "type": "model",
                    "model": "item/beacon/global/item/cosmetic/hat/trash_can_lid"
                }
            },
            {
                "threshold": 1012,
                "model": {
                    "type": "model",
                    "model": "item/beacon/global/item/cosmetic/hat/vr_headset"
                }
            },
            {
                "threshold": 1013,
                "model": {
                    "type": "model",
                    "model": "item/beacon/global/item/cosmetic/hat/christmas/christmas_hat"
                }
            },
            {
                "threshold": 1014,
                "model": {
                    "type": "model",
                    "model": "item/beacon/global/item/cosmetic/hat/christmas/christmas_bunny_hat"
                }
            },
            {
                "threshold": 1015,
                "model": {
                    "type": "model",
                    "model": "item/beacon/global/item/cosmetic/hat/christmas/christmas_cat_hat"
                }
            },
            {
                "threshold": 1016,
                "model": {
                    "type": "model",
                    "model": "item/beacon/global/item/cosmetic/hat/christmas/christmas_dog_hat"
                }
            },
            {
                "threshold": 1017,
                "model": {
                    "type": "model",
                    "model": "item/beacon/global/item/cosmetic/hat/christmas/christmas_fox_hat"
                }
            },
            {
                "threshold": 1018,
                "model": {
                    "type": "model",
                    "model": "item/beacon/global/item/cosmetic/hat/christmas/christmas_koala_hat"
                }
            },
            {
                "threshold": 1019,
                "model": {
                    "type": "model",
                    "model": "item/beacon/global/item/cosmetic/hat/christmas/christmas_mouse_hat"
                }
            },
            {
                "threshold": 1020,
                "model": {
                    "type": "model",
                    "model": "item/beacon/global/item/cosmetic/hat/christmas/christmas_reindeer_hat"
                }
            },
            {
                "threshold": 1021,
                "model": {
                    "type": "model",
                    "model": "item/beacon/global/item/cosmetic/hat/christmas/christmas_unicorn_hat"
                }
            },
            {
                "threshold": 1022,
                "model": {
                    "type": "model",
                    "model": "item/beacon/global/item/cosmetic/hat/bunny_ears/bunny_ears_white_blue"
                }
            },
            {
                "threshold": 1023,
                "model": {
                    "type": "model",
                    "model": "item/beacon/global/item/cosmetic/hat/cat_ears/cat_ears_white_blue"
                }
            },
            {
                "threshold": 1024,
                "model": {
                    "type": "model",
                    "model": "item/beacon/global/item/cosmetic/hat/animal_ears/bunny_ears"
                }
            },
            {
                "threshold": 1025,
                "model": {
                    "type": "model",
                    "model": "item/beacon/global/item/cosmetic/hat/animal_ears/cat_ears"
                }
            },
            {
                "threshold": 1026,
                "model": {
                    "type": "model",
                    "model": "item/beacon/global/item/cosmetic/hat/animal_ears/dog_ears"
                }
            },
            {
                "threshold": 1027,
                "model": {
                    "type": "model",
                    "model": "item/beacon/global/item/cosmetic/hat/animal_ears/fox_ears"
                }
            },
            {
                "threshold": 1028,
                "model": {
                    "type": "model",
                    "model": "item/beacon/global/item/cosmetic/hat/animal_ears/koala_ears"
                }
            },
            {
                "threshold": 1029,
                "model": {
                    "type": "model",
                    "model": "item/beacon/global/item/cosmetic/hat/animal_ears/mouse_ears"
                }
            },
            {
                "threshold": 1030,
                "model": {
                    "type": "model",
                    "model": "item/beacon/global/item/cosmetic/hat/animal_ears/reindeer_ears"
                }
            },
            {
                "threshold": 1031,
                "model": {
                    "type": "model",
                    "model": "item/beacon/global/item/cosmetic/hat/animal_ears/unicorn_ears"
                }
            },
            {
                "threshold": 2001,
                "model": {
                    "type": "model",
                    "model": "item/beacon/global/item/cosmetic/shoulder_pet/briar/briar"
                }
            },
            {
                "threshold": 2002,
                "model": {
                    "type": "model",
                    "model": "item/beacon/global/item/cosmetic/shoulder_pet/briar/briar_pumpkin"
                }
            },
            {
                "threshold": 2003,
                "model": {
                    "type": "model",
                    "model": "item/beacon/global/item/cosmetic/shoulder_pet/skeleton/skeleton"
                }
            },
            {
                "threshold": 2004,
                "model": {
                    "type": "model",
                    "model": "item/beacon/global/item/cosmetic/shoulder_pet/skeleton/skeleton_pumpkin"
                }
            },
            {
                "threshold": 2005,
                "model": {
                    "type": "model",
                    "model": "item/beacon/global/item/cosmetic/shoulder_pet/allay"
                }
            },
            {
                "threshold": 2006,
                "model": {
                    "type": "model",
                    "model": "item/beacon/global/item/cosmetic/shoulder_pet/armadillo"
                }
            },
            {
                "threshold": 2007,
                "model": {
                    "type": "model",
                    "model": "item/beacon/global/item/cosmetic/shoulder_pet/diplodocus"
                }
            },
            {
                "threshold": 2008,
                "model": {
                    "type": "model",
                    "model": "item/beacon/global/item/cosmetic/shoulder_pet/glow_squid"
                }
            },
            {
                "threshold": 2009,
                "model": {
                    "type": "model",
                    "model": "item/beacon/global/item/cosmetic/shoulder_pet/penguin"
                }
            },
            {
                "threshold": 2010,
                "model": {
                    "type": "model",
                    "model": "item/beacon/global/item/cosmetic/shoulder_pet/snake"
                }
            },
            {
                "threshold": 2011,
                "model": {
                    "type": "model",
                    "model": "item/beacon/global/item/cosmetic/shoulder_pet/sniffer"
                }
            },
            {
                "threshold": 3001,
                "model": {
                    "type": "model",
                    "model": "item/beacon/global/item/cosmetic/gadget/pitchfork/pitchfork"
                }
            },
            {
                "threshold": 3002,
                "model": {
                    "type": "model",
                    "model": "item/beacon/global/item/cosmetic/gadget/pitchfork/pitchfork_large"
                }
            },
            {
                "threshold": 3003,
                "model": {
                    "type": "model",
                    "model": "item/beacon/global/item/cosmetic/gadget/pitchfork/pitchfork_very_large"
                }
            },
            {
                "threshold": 3004,
                "model": {
                    "type": "model",
                    "model": "item/beacon/global/item/cosmetic/gadget/pnf_baseball_launcher"
                }
            },
            {
                "threshold": 3005,
                "model": {
                    "type": "model",
                    "model": "item/beacon/global/item/cosmetic/gadget/tin_can"
                }
            },
            {
                "threshold": 3006,
                "model": {
                    "type": "model",
                    "model": "item/beacon/global/item/cosmetic/gadget/vr_controller"
                }
            },
            {
                "threshold": 4001,
                "model": {
                    "type": "model",
                    "model": "item/beacon/global/item/cosmetic/duck_floatie/ducky_floatie"
                }
            },
            {
                "threshold": 4002,
                "model": {
                    "type": "model",
                    "model": "item/beacon/global/item/cosmetic/pnf_rocket"
                }
            },
            {
                "threshold": 4003,
                "model": {
                    "type": "model",
                    "model": "item/beacon/global/item/cosmetic/arm_floatie/arm_floatie"
                }
            },
            {
                "threshold": 4004,
                "model": {
                    "type": "model",
                    "model": "item/beacon/global/item/cosmetic/arm_floatie/bisexual"
                }
            },
            {
                "threshold": 4005,
                "model": {
                    "type": "model",
                    "model": "item/beacon/global/item/cosmetic/arm_floatie/genderqueer"
                }
            },
            {
                "threshold": 4006,
                "model": {
                    "type": "model",
                    "model": "item/beacon/global/item/cosmetic/arm_floatie/intersex"
                }
            },
            {
                "threshold": 4007,
                "model": {
                    "type": "model",
                    "model": "item/beacon/global/item/cosmetic/arm_floatie/lesbian"
                }
            },
            {
                "threshold": 4008,
                "model": {
                    "type": "model",
                    "model": "item/beacon/global/item/cosmetic/arm_floatie/nonbinary"
                }
            },
            {
                "threshold": 4009,
                "model": {
                    "type": "model",
                    "model": "item/beacon/global/item/cosmetic/arm_floatie/pansexual"
                }
            },
            {
                "threshold": 4010,
                "model": {
                    "type": "model",
                    "model": "item/beacon/global/item/cosmetic/arm_floatie/trans"
                }
            },
            {
                "threshold": 4011,
                "model": {
                    "type": "model",
                    "model": "item/beacon/global/item/cosmetic/duck_floatie/greywhite_ducky_floatie"
                }
            },
            {
                "threshold": 4012,
                "model": {
                    "type": "model",
                    "model": "item/beacon/global/item/cosmetic/duck_floatie/mallard_ducky_floatie"
                }
            },
            {
                "threshold": 4013,
                "model": {
                    "type": "model",
                    "model": "item/beacon/global/item/cosmetic/duck_floatie/white_ducky_floatie"
                }
            },
            {
                "threshold": 4014,
                "model": {
                    "type": "model",
                    "model": "item/beacon/global/item/cosmetic/duck_floatie/giraffe_floatie"
                }
            },
            {
                "threshold": 4015,
                "model": {
                    "type": "model",
                    "model": "item/beacon/global/item/cosmetic/duck_floatie/polar_bear_floatie"
                }
            },
            {
                "threshold": 4016,
                "model": {
                    "type": "model",
                    "model": "item/beacon/global/item/cosmetic/duck_floatie/winter_ducky_floatie"
                }
            },
            {
                "threshold": 10001,
                "model": {
                    "type": "model",
                    "model": "item/beacon/global/item/chess_board"
                }
            },
            {
                "threshold": 10002,
                "model": {
                    "type": "model",
                    "model": "item/beacon/global/block/notice_board"
                }
            }
        ]
    }
}