{
    "model": {
        "type": "range_dispatch",
        "property": "custom_model_data",
        "fallback": {
            "type": "model",
            "model": "minecraft:item/name_tag"
        },
        "entries": [
            {
                "threshold": 100,
                "model": {
                    "type": "model",
                    "model": "item/beacon/global/item/emoji/confused"
                }
            },
            {
                "threshold": 101,
                "model": {
                    "type": "model",
                    "model": "item/beacon/global/item/emoji/crown"
                }
            },
            {
                "threshold": 102,
                "model": {
                    "type": "model",
                    "model": "item/beacon/global/item/emoji/frown"
                }
            },
            {
                "threshold": 103,
                "model": {
                    "type": "model",
                    "model": "item/beacon/global/item/emoji/heart_eye"
                }
            },
            {
                "threshold": 104,
                "model": {
                    "type": "model",
                    "model": "item/beacon/global/item/emoji/money_eyes"
                }
            },
            {
                "threshold": 105,
                "model": {
                    "type": "model",
                    "model": "item/beacon/global/item/emoji/party_popper"
                }
            },
            {
                "threshold": 106,
                "model": {
                    "type": "model",
                    "model": "item/beacon/global/item/emoji/plant_sprout"
                }
            },
            {
                "threshold": 107,
                "model": {
                    "type": "model",
                    "model": "item/beacon/global/item/emoji/pleading"
                }
            },
            {
                "threshold": 108,
                "model": {
                    "type": "model",
                    "model": "item/beacon/global/item/emoji/present"
                }
            },
            {
                "threshold": 109,
                "model": {
                    "type": "model",
                    "model": "item/beacon/global/item/emoji/rainbow"
                }
            },
            {
                "threshold": 110,
                "model": {
                    "type": "model",
                    "model": "item/beacon/global/item/emoji/scared"
                }
            },
            {
                "threshold": 111,
                "model": {
                    "type": "model",
                    "model": "item/beacon/global/item/emoji/shocked"
                }
            },
            {
                "threshold": 112,
                "model": {
                    "type": "model",
                    "model": "item/beacon/global/item/emoji/single_tear"
                }
            },
            {
                "threshold": 113,
                "model": {
                    "type": "model",
                    "model": "item/beacon/global/item/emoji/slight_smile"
                }
            },
            {
                "threshold": 114,
                "model": {
                    "type": "model",
                    "model": "item/beacon/global/item/emoji/snail"
                }
            },
            {
                "threshold": 115,
                "model": {
                    "type": "model",
                    "model": "item/beacon/global/item/emoji/sniffer_egg"
                }
            },
            {
                "threshold": 116,
                "model": {
                    "type": "model",
                    "model": "item/beacon/global/item/emoji/sob"
                }
            },
            {
                "threshold": 117,
                "model": {
                    "type": "model",
                    "model": "item/beacon/global/item/emoji/sparkles"
                }
            },
            {
                "threshold": 118,
                "model": {
                    "type": "model",
                    "model": "item/beacon/global/item/emoji/sun_hat"
                }
            },
            {
                "threshold": 119,
                "model": {
                    "type": "model",
                    "model": "item/beacon/global/item/emoji/three_hearts"
                }
            },
            {
                "threshold": 1000,
                "model": {
                    "type": "model",
                    "model": "item/beacon/global/item/invisible_item"
                }
            }
        ]
    }
}