{
    "model": {
        "type": "range_dispatch",
        "property": "custom_model_data",
        "fallback": {
            "type": "model",
            "model": "minecraft:item/name_tag"
        },
        "entries": [
            {
                "threshold": 702,
                "model": {
                    "type": "model",
                    "model": "item/beacon/global/item/emoji/confused"
                }
            },
            {
                "threshold": 703,
                "model": {
                    "type": "model",
                    "model": "item/beacon/global/item/emoji/crown"
                }
            },
            {
                "threshold": 704,
                "model": {
                    "type": "model",
                    "model": "item/beacon/global/item/emoji/frown"
                }
            },
            {
                "threshold": 705,
                "model": {
                    "type": "model",
                    "model": "item/beacon/global/item/emoji/heart_eye"
                }
            },
            {
                "threshold": 706,
                "model": {
                    "type": "model",
                    "model": "item/beacon/global/item/emoji/money_eyes"
                }
            },
            {
                "threshold": 707,
                "model": {
                    "type": "model",
                    "model": "item/beacon/global/item/emoji/party_popper"
                }
            },
            {
                "threshold": 708,
                "model": {
                    "type": "model",
                    "model": "item/beacon/global/item/emoji/plant_sprout"
                }
            },
            {
                "threshold": 709,
                "model": {
                    "type": "model",
                    "model": "item/beacon/global/item/emoji/pleading"
                }
            },
            {
                "threshold": 710,
                "model": {
                    "type": "model",
                    "model": "item/beacon/global/item/emoji/present"
                }
            },
            {
                "threshold": 711,
                "model": {
                    "type": "model",
                    "model": "item/beacon/global/item/emoji/rainbow"
                }
            },
            {
                "threshold": 712,
                "model": {
                    "type": "model",
                    "model": "item/beacon/global/item/emoji/scared"
                }
            },
            {
                "threshold": 713,
                "model": {
                    "type": "model",
                    "model": "item/beacon/global/item/emoji/shocked"
                }
            },
            {
                "threshold": 714,
                "model": {
                    "type": "model",
                    "model": "item/beacon/global/item/emoji/single_tear"
                }
            },
            {
                "threshold": 715,
                "model": {
                    "type": "model",
                    "model": "item/beacon/global/item/emoji/slight_smile"
                }
            },
            {
                "threshold": 716,
                "model": {
                    "type": "model",
                    "model": "item/beacon/global/item/emoji/snail"
                }
            },
            {
                "threshold": 717,
                "model": {
                    "type": "model",
                    "model": "item/beacon/global/item/emoji/sniffer_egg"
                }
            },
            {
                "threshold": 718,
                "model": {
                    "type": "model",
                    "model": "item/beacon/global/item/emoji/sob"
                }
            },
            {
                "threshold": 719,
                "model": {
                    "type": "model",
                    "model": "item/beacon/global/item/emoji/sparkles"
                }
            },
            {
                "threshold": 720,
                "model": {
                    "type": "model",
                    "model": "item/beacon/global/item/emoji/sun_hat"
                }
            },
            {
                "threshold": 721,
                "model": {
                    "type": "model",
                    "model": "item/beacon/global/item/emoji/three_hearts"
                }
            },
            {
                "threshold": 722,
                "model": {
                    "type": "model",
                    "model": "item/beacon/global/item/emoji/pumpkin"
                }
            },
            {
                "threshold": 723,
                "model": {
                    "type": "model",
                    "model": "item/beacon/global/item/emoji/ghost"
                }
            },
            {
                "threshold": 724,
                "model": {
                    "type": "model",
                    "model": "item/beacon/global/item/emoji/cauldron"
                }
            },
            {
                "threshold": 725,
                "model": {
                    "type": "model",
                    "model": "item/beacon/global/item/emoji/black_cat"
                }
            },
            {
                "threshold": 726,
                "model": {
                    "type": "model",
                    "model": "item/beacon/global/item/emoji/bat"
                }
            },
            {
                "threshold": 727,
                "model": {
                    "type": "model",
                    "model": "item/beacon/global/item/emoji/frankenstein_monster"
                }
            },
            {
                "threshold": 728,
                "model": {
                    "type": "model",
                    "model": "beacon/global/emoji/winter/candy_cane.png"
                }
            },
            {
                "threshold": 729,
                "model": {
                    "type": "model",
                    "model": "beacon/global/emoji/winter/christmas_bell.png"
                }
            },
            {
                "threshold": 730,
                "model": {
                    "type": "model",
                    "model": "beacon/global/emoji/winter/christmas_tree.png"
                }
            },
            {
                "threshold": 731,
                "model": {
                    "type": "model",
                    "model": "beacon/global/emoji/winter/gingerbread_person.png"
                }
            },
            {
                "threshold": 732,
                "model": {
                    "type": "model",
                    "model": "beacon/global/emoji/winter/snow_globe.png"
                }
            },
            {
                "threshold": 733,
                "model": {
                    "type": "model",
                    "model": "beacon/global/emoji/winter/snowman.png"
                }
            },
            {
                "threshold": 1000,
                "model": {
                    "type": "model",
                    "model": "item/beacon/global/item/invisible_item"
                }
            }
        ]
    }
}