{
    "model": {
        "type": "range_dispatch",
        "property": "custom_model_data",
        "fallback": {
            "type": "model",
            "model": "minecraft:item/paper"
        },
        "entries": [
            {
                "threshold": 1,
                "model": {
                    "type": "model",
                    "model": "item/plugins/chesscraft/chess_pawn_black"
                }
            },
            {
                "threshold": 2,
                "model": {
                    "type": "model",
                    "model": "item/plugins/chesscraft/chess_bishop_black"
                }
            },
            {
                "threshold": 3,
                "model": {
                    "type": "model",
                    "model": "item/plugins/chesscraft/chess_knight_black"
                }
            },
            {
                "threshold": 4,
                "model": {
                    "type": "model",
                    "model": "item/plugins/chesscraft/chess_rook_black"
                }
            },
            {
                "threshold": 5,
                "model": {
                    "type": "model",
                    "model": "item/plugins/chesscraft/chess_queen_black"
                }
            },
            {
                "threshold": 6,
                "model": {
                    "type": "model",
                    "model": "item/plugins/chesscraft/chess_king_black"
                }
            },
            {
                "threshold": 7,
                "model": {
                    "type": "model",
                    "model": "item/plugins/chesscraft/chess_pawn_white"
                }
            },
            {
                "threshold": 8,
                "model": {
                    "type": "model",
                    "model": "item/plugins/chesscraft/chess_bishop_white"
                }
            },
            {
                "threshold": 9,
                "model": {
                    "type": "model",
                    "model": "item/plugins/chesscraft/chess_knight_white"
                }
            },
            {
                "threshold": 10,
                "model": {
                    "type": "model",
                    "model": "item/plugins/chesscraft/chess_rook_white"
                }
            },
            {
                "threshold": 11,
                "model": {
                    "type": "model",
                    "model": "item/plugins/chesscraft/chess_queen_white"
                }
            },
            {
                "threshold": 12,
                "model": {
                    "type": "model",
                    "model": "item/plugins/chesscraft/chess_king_white"
                }
            },
            {
                "threshold": 100,
                "model": {
                    "type": "model",
                    "model": "item/beacon/global/item/party_popper/party_popper"
                }
            },
            {
                "threshold": 101,
                "model": {
                    "type": "model",
                    "model": "item/beacon/global/item/party_popper/lesbian_party_popper"
                }
            },
            {
                "threshold": 102,
                "model": {
                    "type": "model",
                    "model": "item/beacon/global/item/party_popper/gay_party_popper"
                }
            },
            {
                "threshold": 103,
                "model": {
                    "type": "model",
                    "model": "item/beacon/global/item/party_popper/bisexual_party_popper"
                }
            },
            {
                "threshold": 104,
                "model": {
                    "type": "model",
                    "model": "item/beacon/global/item/party_popper/trans_party_popper"
                }
            },
            {
                "threshold": 1000,
                "model": {
                    "type": "model",
                    "model": "item/beacon/global/item/invisible_item"
                }
            }
        ]
    }
}