{
    "model": {
        "type": "range_dispatch",
        "property": "custom_model_data",
        "fallback": {
            "type": "model",
            "model": "minecraft:item/slime_ball"
        },
        "entries": [
            {
                "threshold": 103,
                "model": {
                    "type": "model",
                    "model": "item/plugins/tweakin/slime_in_a_bucket"
                }
            },
            {
                "threshold": 104,
                "model": {
                    "type": "model",
                    "model": "item/plugins/tweakin/slime_in_a_bucket_excited"
                }
            }
        ]
    }
}