{
    "providers":[
        {"file":"beacon/global/ui/fade.png","chars":["\ue100"],"height":1500,"ascent":500,"type":"bitmap"},
        {"file":"beacon/lobby/ui/banner.png","chars":["\ue216"],"height":25,"ascent":20,"type":"bitmap"},
        {"file":"beacon/regrowth/ui/banner.png","chars":["\ue217"],"height":25,"ascent":20,"type":"bitmap"},
        {"file":"beacon/story/ui/banner/banner.png","chars":["\ue218"],"height":25,"ascent":20,"type":"bitmap"},
        {"file":"beacon/story/ui/banner/banner-hyphen.png","chars":["\ue219"],"height":25,"ascent":20,"type":"bitmap"},
        {"file":"beacon/story/ui/banner/num-0.png","chars":["\ue220"],"height":25,"ascent":20,"type":"bitmap"},
        {"file":"beacon/story/ui/banner/num-1.png","chars":["\ue221"],"height":25,"ascent":20,"type":"bitmap"},
        {"file":"beacon/story/ui/banner/num-2.png","chars":["\ue222"],"height":25,"ascent":20,"type":"bitmap"},
        {"file":"beacon/story/ui/banner/num-3.png","chars":["\ue223"],"height":25,"ascent":20,"type":"bitmap"},
        {"file":"beacon/story/ui/banner/num-4.png","chars":["\ue224"],"height":25,"ascent":20,"type":"bitmap"},
        {"file":"beacon/story/ui/banner/num-5.png","chars":["\ue225"],"height":25,"ascent":20,"type":"bitmap"},
        {"file":"beacon/story/ui/banner/num-6.png","chars":["\ue226"],"height":25,"ascent":20,"type":"bitmap"},
        {"file":"beacon/story/ui/banner/num-7.png","chars":["\ue227"],"height":25,"ascent":20,"type":"bitmap"},
        {"file":"beacon/story/ui/banner/num-8.png","chars":["\ue228"],"height":25,"ascent":20,"type":"bitmap"},
        {"file":"beacon/story/ui/banner/num-9.png","chars":["\ue229"],"height":25,"ascent":20,"type":"bitmap"},
        {"file":"beacon/global/gui/follower_pets/follower_pets.png","chars":["\ue230"],"height":256,"ascent":13,"type":"bitmap"},
        {"file":"beacon/global/gui/biome_bees.png","chars":["\ue301"],"height":256,"ascent":13,"type":"bitmap"},
        {"file":"beacon/global/gui/activity_rewarder.png","chars":["\ue302"],"height":256,"ascent":15,"type":"bitmap"},
        {"file":"beacon/global/gui/wallet.png","chars":["\ue303"],"height":256,"ascent":13,"type":"bitmap"},
        {"file":"beacon/pixel.png","chars":["\ue231"],"height":-3,"ascent":-2000,"type":"bitmap"},
        {"file":"beacon/global/emoji/cursor.png","chars":["\ue700"],"height":10, "ascent":9,"type":"bitmap"},
        {"file":"beacon/global/emoji/chat-bubble.png","chars":["\ue701"],"height":10, "ascent":8,"type":"bitmap"},
        {"file":"beacon/global/emoji/confused.png","chars":["\ue702"],"height":10, "ascent":9,"type":"bitmap"},
        {"file":"beacon/global/emoji/crown.png","chars":["\ue703"],"height":10, "ascent":9,"type":"bitmap"},
        {"file":"beacon/global/emoji/frown.png","chars":["\ue704"],"height":10, "ascent":9,"type":"bitmap"},
        {"file":"beacon/global/emoji/heart_eye.png","chars":["\ue705"],"height":10, "ascent":9,"type":"bitmap"},
        {"file":"beacon/global/emoji/money_eyes.png","chars":["\ue706"],"height":10, "ascent":9,"type":"bitmap"},
        {"file":"beacon/global/emoji/party_popper.png","chars":["\ue707"],"height":10, "ascent":9,"type":"bitmap"},
        {"file":"beacon/global/emoji/plant_sprout.png","chars":["\ue708"],"height":10, "ascent":9,"type":"bitmap"},
        {"file":"beacon/global/emoji/pleading.png","chars":["\ue709"],"height":10, "ascent":9,"type":"bitmap"},
        {"file":"beacon/global/emoji/present.png","chars":["\ue710"],"height":10, "ascent":9,"type":"bitmap"},
        {"file":"beacon/global/emoji/rainbow.png","chars":["\ue711"],"height":10, "ascent":9,"type":"bitmap"},
        {"file":"beacon/global/emoji/scared.png","chars":["\ue712"],"height":10, "ascent":9,"type":"bitmap"},
        {"file":"beacon/global/emoji/shocked.png","chars":["\ue713"],"height":10, "ascent":9,"type":"bitmap"},
        {"file":"beacon/global/emoji/single_tear.png","chars":["\ue714"],"height":10, "ascent":9,"type":"bitmap"},
        {"file":"beacon/global/emoji/slight_smile.png","chars":["\ue715"],"height":10, "ascent":9,"type":"bitmap"},
        {"file":"beacon/global/emoji/snail.png","chars":["\ue716"],"height":10, "ascent":9,"type":"bitmap"},
        {"file":"beacon/global/emoji/sniffer_egg.png","chars":["\ue717"],"height":10, "ascent":9,"type":"bitmap"},
        {"file":"beacon/global/emoji/sob.png","chars":["\ue718"],"height":10, "ascent":9,"type":"bitmap"},
        {"file":"beacon/global/emoji/sparkles.png","chars":["\ue719"],"height":10, "ascent":9,"type":"bitmap"},
        {"file":"beacon/global/emoji/sun_hat.png","chars":["\ue720"],"height":10, "ascent":9,"type":"bitmap"},
        {"file":"beacon/global/emoji/three_hearts.png","chars":["\ue721"],"height":10, "ascent":9,"type":"bitmap"},
        {"file":"beacon/global/emoji/halloween/pumpkin.png","chars":["\ue722"],"height":10, "ascent":9,"type":"bitmap"},
        {"file":"beacon/global/emoji/halloween/ghost.png","chars":["\ue723"],"height":10, "ascent":9,"type":"bitmap"},
        {"file":"beacon/global/emoji/halloween/cauldron.png","chars":["\ue724"],"height":10, "ascent":9,"type":"bitmap"},
        {"file":"beacon/global/emoji/halloween/black_cat.png","chars":["\ue725"],"height":10, "ascent":9,"type":"bitmap"},
        {"file":"beacon/global/emoji/halloween/bat.png","chars":["\ue726"],"height":10, "ascent":9,"type":"bitmap"},
        {"file":"beacon/global/emoji/halloween/frankenstein_monster.png","chars":["\ue727"],"height":10, "ascent":9,"type":"bitmap"},
        {"file":"beacon/global/emoji/winter/candy_cane.png","chars":["\ue728"],"height":10, "ascent":9,"type":"bitmap"},
        {"file":"beacon/global/emoji/winter/christmas_bell.png","chars":["\ue729"],"height":10, "ascent":9,"type":"bitmap"},
        {"file":"beacon/global/emoji/winter/christmas_tree.png","chars":["\ue730"],"height":10, "ascent":9,"type":"bitmap"},
        {"file":"beacon/global/emoji/winter/gingerbread_person.png","chars":["\ue731"],"height":10, "ascent":9,"type":"bitmap"},
        {"file":"beacon/global/emoji/winter/snow_globe.png","chars":["\ue732"],"height":10, "ascent":9,"type":"bitmap"},
        {"file":"beacon/global/emoji/winter/snowman.png","chars":["\ue733"],"height":10, "ascent":9,"type":"bitmap"}
    ]
}
