{
  "parent": "minecraft:item/generated",
  "textures": {
    "layer0": "minecraft:item/leather_horse_armor"
  },
  "overrides": [
    { "predicate": { "custom_model_data": 1001 }, "model": "item/beacon/global/item/cosmetic/hat/bear_ears/bear_ears_brown_yellow"},
    { "predicate": { "custom_model_data": 1002 }, "model": "item/beacon/global/item/cosmetic/hat/bear_ears/bear_ears_white_blue"},
    { "predicate": { "custom_model_data": 1003 }, "model": "item/beacon/global/item/cosmetic/hat/bunny_ears/bunny_ears_brown_yellow"},
    { "predicate": { "custom_model_data": 1004 }, "model": "item/beacon/global/item/cosmetic/hat/cat_ears/cat_ears_brown_yellow"},
    { "predicate": { "custom_model_data": 1005 }, "model": "item/beacon/global/item/cosmetic/hat/cat_ears/nyan_cat_ears"},
    { "predicate": { "custom_model_data": 1006 }, "model": "item/beacon/global/item/cosmetic/hat/top_hat/top_hat"},
    { "predicate": { "custom_model_data": 1007 }, "model": "item/beacon/global/item/cosmetic/hat/top_hat/top_hat_long"},
    { "predicate": { "custom_model_data": 1008 }, "model": "item/beacon/global/item/cosmetic/hat/pizza_box"},
    { "predicate": { "custom_model_data": 1009 }, "model": "item/beacon/global/item/cosmetic/hat/straw_hat"},
    { "predicate": { "custom_model_data": 1010 }, "model": "item/beacon/global/item/cosmetic/hat/trash_can"},
    { "predicate": { "custom_model_data": 1011 }, "model": "item/beacon/global/item/cosmetic/hat/trash_can_lid"},
    { "predicate": { "custom_model_data": 1012 }, "model": "item/beacon/global/item/cosmetic/hat/vr_headset"},
    { "predicate": { "custom_model_data": 1013 }, "model": "item/beacon/global/item/cosmetic/hat/christmas/christmas_hat"},
    { "predicate": { "custom_model_data": 1014 }, "model": "item/beacon/global/item/cosmetic/hat/christmas/christmas_bunny_hat"},
    { "predicate": { "custom_model_data": 1015 }, "model": "item/beacon/global/item/cosmetic/hat/christmas/christmas_cat_hat"},
    { "predicate": { "custom_model_data": 1016 }, "model": "item/beacon/global/item/cosmetic/hat/christmas/christmas_dog_hat"},
    { "predicate": { "custom_model_data": 1017 }, "model": "item/beacon/global/item/cosmetic/hat/christmas/christmas_fox_hat"},
    { "predicate": { "custom_model_data": 1018 }, "model": "item/beacon/global/item/cosmetic/hat/christmas/christmas_koala_hat"},
    { "predicate": { "custom_model_data": 1019 }, "model": "item/beacon/global/item/cosmetic/hat/christmas/christmas_mouse_hat"},
    { "predicate": { "custom_model_data": 1020 }, "model": "item/beacon/global/item/cosmetic/hat/christmas/christmas_reindeer_hat"},
    { "predicate": { "custom_model_data": 1021 }, "model": "item/beacon/global/item/cosmetic/hat/christmas/christmas_unicorn_hat"},
    { "predicate": { "custom_model_data": 1022 }, "model": "item/beacon/global/item/cosmetic/hat/bunny_ears/bunny_ears_white_blue"},
    { "predicate": { "custom_model_data": 1023 }, "model": "item/beacon/global/item/cosmetic/hat/cat_ears/cat_ears_white_blue"},
    { "predicate": { "custom_model_data": 1024 }, "model": "item/beacon/global/item/cosmetic/hat/animal_ears/bunny_ears"},
    { "predicate": { "custom_model_data": 1025 }, "model": "item/beacon/global/item/cosmetic/hat/animal_ears/cat_ears"},
    { "predicate": { "custom_model_data": 1026 }, "model": "item/beacon/global/item/cosmetic/hat/animal_ears/dog_ears"},
    { "predicate": { "custom_model_data": 1027 }, "model": "item/beacon/global/item/cosmetic/hat/animal_ears/fox_ears"},
    { "predicate": { "custom_model_data": 1028 }, "model": "item/beacon/global/item/cosmetic/hat/animal_ears/koala_ears"},
    { "predicate": { "custom_model_data": 1029 }, "model": "item/beacon/global/item/cosmetic/hat/animal_ears/mouse_ears"},
    { "predicate": { "custom_model_data": 1030 }, "model": "item/beacon/global/item/cosmetic/hat/animal_ears/reindeer_ears"},
    { "predicate": { "custom_model_data": 1031 }, "model": "item/beacon/global/item/cosmetic/hat/animal_ears/unicorn_ears"},
    { "predicate": { "custom_model_data": 1032 }, "model": "item/beacon/global/item/cosmetic/hat/cat_ears/cat_ears_grey_pink"},

    { "predicate": { "custom_model_data": 2001 }, "model": "item/beacon/global/item/cosmetic/shoulder_pet/briar/briar"},
    { "predicate": { "custom_model_data": 2002 }, "model": "item/beacon/global/item/cosmetic/shoulder_pet/briar/briar_pumpkin"},
    { "predicate": { "custom_model_data": 2003 }, "model": "item/beacon/global/item/cosmetic/shoulder_pet/skeleton/skeleton"},
    { "predicate": { "custom_model_data": 2004 }, "model": "item/beacon/global/item/cosmetic/shoulder_pet/skeleton/skeleton_pumpkin"},
    { "predicate": { "custom_model_data": 2005 }, "model": "item/beacon/global/item/cosmetic/shoulder_pet/allay"},
    { "predicate": { "custom_model_data": 2006 }, "model": "item/beacon/global/item/cosmetic/shoulder_pet/armadillo"},
    { "predicate": { "custom_model_data": 2007 }, "model": "item/beacon/global/item/cosmetic/shoulder_pet/diplodocus"},
    { "predicate": { "custom_model_data": 2008 }, "model": "item/beacon/global/item/cosmetic/shoulder_pet/glow_squid"},
    { "predicate": { "custom_model_data": 2009 }, "model": "item/beacon/global/item/cosmetic/shoulder_pet/penguin"},
    { "predicate": { "custom_model_data": 2010 }, "model": "item/beacon/global/item/cosmetic/shoulder_pet/snake"},
    { "predicate": { "custom_model_data": 2011 }, "model": "item/beacon/global/item/cosmetic/shoulder_pet/sniffer"},

    { "predicate": { "custom_model_data": 3001 }, "model": "item/beacon/global/item/cosmetic/gadget/pitchfork/pitchfork"},
    { "predicate": { "custom_model_data": 3002 }, "model": "item/beacon/global/item/cosmetic/gadget/pitchfork/pitchfork_large"},
    { "predicate": { "custom_model_data": 3003 }, "model": "item/beacon/global/item/cosmetic/gadget/pitchfork/pitchfork_very_large"},
    { "predicate": { "custom_model_data": 3004 }, "model": "item/beacon/global/item/cosmetic/gadget/pnf_baseball_launcher"},
    { "predicate": { "custom_model_data": 3005 }, "model": "item/beacon/global/item/cosmetic/gadget/tin_can"},
    { "predicate": { "custom_model_data": 3006 }, "model": "item/beacon/global/item/cosmetic/gadget/vr_controller"},

    { "predicate": { "custom_model_data": 4001 }, "model": "item/beacon/global/item/cosmetic/duck_floatie/ducky_floatie"},
    { "predicate": { "custom_model_data": 4002 }, "model": "item/beacon/global/item/cosmetic/pnf_rocket"},
    { "predicate": { "custom_model_data": 4003 }, "model": "item/beacon/global/item/cosmetic/arm_floatie/arm_floatie"},
    { "predicate": { "custom_model_data": 4004 }, "model": "item/beacon/global/item/cosmetic/arm_floatie/bisexual"},
    { "predicate": { "custom_model_data": 4005 }, "model": "item/beacon/global/item/cosmetic/arm_floatie/genderqueer"},
    { "predicate": { "custom_model_data": 4006 }, "model": "item/beacon/global/item/cosmetic/arm_floatie/intersex"},
    { "predicate": { "custom_model_data": 4007 }, "model": "item/beacon/global/item/cosmetic/arm_floatie/lesbian"},
    { "predicate": { "custom_model_data": 4008 }, "model": "item/beacon/global/item/cosmetic/arm_floatie/nonbinary"},
    { "predicate": { "custom_model_data": 4009 }, "model": "item/beacon/global/item/cosmetic/arm_floatie/pansexual"},
    { "predicate": { "custom_model_data": 4010 }, "model": "item/beacon/global/item/cosmetic/arm_floatie/trans"},
    { "predicate": { "custom_model_data": 4011 }, "model": "item/beacon/global/item/cosmetic/duck_floatie/greywhite_ducky_floatie"},
    { "predicate": { "custom_model_data": 4012 }, "model": "item/beacon/global/item/cosmetic/duck_floatie/mallard_ducky_floatie"},
    { "predicate": { "custom_model_data": 4013 }, "model": "item/beacon/global/item/cosmetic/duck_floatie/white_ducky_floatie"},
    { "predicate": { "custom_model_data": 4014 }, "model": "item/beacon/global/item/cosmetic/duck_floatie/giraffe_floatie"},
    { "predicate": { "custom_model_data": 4015 }, "model": "item/beacon/global/item/cosmetic/duck_floatie/polar_bear_floatie"},
    { "predicate": { "custom_model_data": 4016 }, "model": "item/beacon/global/item/cosmetic/duck_floatie/winter_ducky_floatie"},

    { "predicate": { "custom_model_data": 10001 }, "model": "item/beacon/global/item/chess_board"},
    { "predicate": { "custom_model_data": 10002 }, "model": "item/beacon/global/block/notice_board"}
  ]
}