{
    "parent": "item/generated",
    "textures": {
        "layer0": "minecraft:item/name_tag"
    },
    "overrides": [
        { "predicate": { "custom_model_data": 702 }, "model": "item/beacon/global/item/emoji/confused"},
        { "predicate": { "custom_model_data": 703 }, "model": "item/beacon/global/item/emoji/crown"},
        { "predicate": { "custom_model_data": 704 }, "model": "item/beacon/global/item/emoji/frown"},
        { "predicate": { "custom_model_data": 705 }, "model": "item/beacon/global/item/emoji/heart_eye"},
        { "predicate": { "custom_model_data": 706 }, "model": "item/beacon/global/item/emoji/money_eyes"},
        { "predicate": { "custom_model_data": 707 }, "model": "item/beacon/global/item/emoji/party_popper"},
        { "predicate": { "custom_model_data": 708 }, "model": "item/beacon/global/item/emoji/plant_sprout"},
        { "predicate": { "custom_model_data": 709 }, "model": "item/beacon/global/item/emoji/pleading"},
        { "predicate": { "custom_model_data": 710 }, "model": "item/beacon/global/item/emoji/present"},
        { "predicate": { "custom_model_data": 711 }, "model": "item/beacon/global/item/emoji/rainbow"},
        { "predicate": { "custom_model_data": 712 }, "model": "item/beacon/global/item/emoji/scared"},
        { "predicate": { "custom_model_data": 713 }, "model": "item/beacon/global/item/emoji/shocked"},
        { "predicate": { "custom_model_data": 714 }, "model": "item/beacon/global/item/emoji/single_tear"},
        { "predicate": { "custom_model_data": 715 }, "model": "item/beacon/global/item/emoji/slight_smile"},
        { "predicate": { "custom_model_data": 716 }, "model": "item/beacon/global/item/emoji/snail"},
        { "predicate": { "custom_model_data": 717 }, "model": "item/beacon/global/item/emoji/sniffer_egg"},
        { "predicate": { "custom_model_data": 718 }, "model": "item/beacon/global/item/emoji/sob"},
        { "predicate": { "custom_model_data": 719 }, "model": "item/beacon/global/item/emoji/sparkles"},
        { "predicate": { "custom_model_data": 720 }, "model": "item/beacon/global/item/emoji/sun_hat"},
        { "predicate": { "custom_model_data": 721 }, "model": "item/beacon/global/item/emoji/three_hearts"},
        { "predicate": { "custom_model_data": 722 }, "model": "item/beacon/global/item/emoji/pumpkin"},
        { "predicate": { "custom_model_data": 723 }, "model": "item/beacon/global/item/emoji/ghost"},
        { "predicate": { "custom_model_data": 724 }, "model": "item/beacon/global/item/emoji/cauldron"},
        { "predicate": { "custom_model_data": 725 }, "model": "item/beacon/global/item/emoji/black_cat"},
        { "predicate": { "custom_model_data": 726 }, "model": "item/beacon/global/item/emoji/bat"},
        { "predicate": { "custom_model_data": 727 }, "model": "item/beacon/global/item/emoji/frankenstein_monster"},
        { "predicate": { "custom_model_data": 728 }, "model": "item/beacon/global/item/emoji/winter/candy_cane.png"},
        { "predicate": { "custom_model_data": 729 }, "model": "item/beacon/global/item/emoji/winter/christmas_bell.png"},
        { "predicate": { "custom_model_data": 730 }, "model": "item/beacon/global/item/emoji/winter/christmas_tree.png"},
        { "predicate": { "custom_model_data": 731 }, "model": "item/beacon/global/item/emoji/winter/gingerbread_person.png"},
        { "predicate": { "custom_model_data": 732 }, "model": "item/beacon/global/item/emoji/winter/snow_globe.png"},
        { "predicate": { "custom_model_data": 733 }, "model": "item/beacon/global/item/emoji/winter/snowman.png"},

        { "predicate": { "custom_model_data": 1000 }, "model": "item/beacon/global/item/invisible_item"}
	]
}