{
	"credit": "Made with Blockbench",
	"texture_size": [64, 64],
	"textures": {
		"3": "beacon/global/item/cosmetic/hat/christmas/christmas_unicorn_hat"
	},
	"elements": [
		{
			"from": [3, 5, 3],
			"to": [13, 9, 13],
			"rotation": {"angle": 0, "axis": "y", "origin": [4, 0, 4]},
			"faces": {
				"north": {"uv": [0, 6, 2.5, 7], "texture": "#3"},
				"east": {"uv": [0, 6, 2.5, 7], "texture": "#3"},
				"south": {"uv": [0, 6, 2.5, 7], "texture": "#3"},
				"west": {"uv": [0, 6, 2.5, 7], "texture": "#3"},
				"up": {"uv": [2.5, 6, 0, 3.5], "texture": "#3"},
				"down": {"uv": [5, 3.5, 2.5, 6], "texture": "#3"}
			}
		},
		{
			"from": [4, 7.3, 4.4],
			"to": [12, 12.3, 12.4],
			"rotation": {"angle": 22.5, "axis": "x", "origin": [8, 9.8, 8.4]},
			"faces": {
				"north": {"uv": [6, 0, 8, 1.25], "texture": "#3"},
				"east": {"uv": [2.5, 6, 4.5, 7.25], "texture": "#3"},
				"south": {"uv": [6.5, 4, 8.5, 5.25], "texture": "#3"},
				"west": {"uv": [6.5, 5.25, 8.5, 6.5], "texture": "#3"},
				"up": {"uv": [6, 2, 4, 0], "texture": "#3"},
				"down": {"uv": [7, 2, 5, 4], "texture": "#3"}
			}
		},
		{
			"from": [5, 9.56777, 7.16777],
			"to": [11, 14.56777, 14.16777],
			"rotation": {"angle": -22.5, "axis": "x", "origin": [8, 11.56777, 10.16777]},
			"faces": {
				"north": {"uv": [7, 1.25, 8.5, 2.5], "texture": "#3"},
				"east": {"uv": [6.5, 6.5, 8.25, 7.75], "texture": "#3"},
				"south": {"uv": [7, 2.5, 8.5, 3.75], "texture": "#3"},
				"west": {"uv": [0, 7, 1.75, 8.25], "texture": "#3"},
				"up": {"uv": [6.5, 5.75, 5, 4], "texture": "#3"},
				"down": {"uv": [6.5, 5.75, 5, 7.5], "texture": "#3"}
			}
		},
		{
			"from": [6.5, 9, 14],
			"to": [9.5, 12, 17],
			"rotation": {"angle": 0, "axis": "y", "origin": [3.5, 3, 15]},
			"faces": {
				"north": {"uv": [6, 1.25, 6.75, 2], "texture": "#3"},
				"east": {"uv": [2.25, 8.75, 3, 9.5], "texture": "#3"},
				"south": {"uv": [3, 8.75, 3.75, 9.5], "texture": "#3"},
				"west": {"uv": [7.25, 8.75, 8, 9.5], "texture": "#3"},
				"up": {"uv": [9.75, 2.75, 9, 2], "texture": "#3"},
				"down": {"uv": [9.75, 2.75, 9, 3.5], "texture": "#3"}
			}
		},
		{
			"from": [2.15, 8, 4.75],
			"to": [3.15, 12, 7.75],
			"rotation": {"angle": 22.5, "axis": "z", "origin": [2.9, 10.5, 5.75]},
			"faces": {
				"north": {"uv": [3.75, 8.75, 4, 9.75], "texture": "#3"},
				"east": {"uv": [8.5, 5.5, 9.25, 6.5], "texture": "#3"},
				"south": {"uv": [4, 8.75, 4.25, 9.75], "texture": "#3"},
				"west": {"uv": [1.5, 8.75, 2.25, 9.75], "texture": "#3"},
				"up": {"uv": [7, 2, 6.75, 1.25], "texture": "#3"},
				"down": {"uv": [8.25, 8.75, 8, 9.5], "texture": "#3"}
			}
		},
		{
			"from": [3.15, 8, 2.75],
			"to": [3.15, 14, 7.75],
			"rotation": {"angle": 22.5, "axis": "z", "origin": [2.9, 10.5, 5.75]},
			"faces": {
				"north": {"uv": [0, 0, 0, 1.5], "texture": "#3"},
				"east": {"uv": [1.75, 7.25, 3, 8.75], "texture": "#3"},
				"south": {"uv": [0, 0, 0, 1.5], "texture": "#3"},
				"west": {"uv": [3, 7.25, 4.25, 8.75], "texture": "#3"},
				"up": {"uv": [0, 1.25, 0, 0], "texture": "#3"},
				"down": {"uv": [0, 0, 0, 1.25], "texture": "#3"}
			}
		},
		{
			"from": [12.85, 8, 4.75],
			"to": [13.85, 12, 7.75],
			"rotation": {"angle": -22.5, "axis": "z", "origin": [13.1, 10.5, 5.75]},
			"faces": {
				"north": {"uv": [4, 8.75, 3.75, 9.75], "texture": "#3"},
				"east": {"uv": [2.25, 8.75, 1.5, 9.75], "texture": "#3"},
				"south": {"uv": [4.25, 8.75, 4, 9.75], "texture": "#3"},
				"west": {"uv": [9.25, 5.5, 8.5, 6.5], "texture": "#3"},
				"up": {"uv": [6.75, 2, 7, 1.25], "texture": "#3"},
				"down": {"uv": [8, 8.75, 8.25, 9.5], "texture": "#3"}
			}
		},
		{
			"from": [12.85, 8, 2.75],
			"to": [12.85, 14, 7.75],
			"rotation": {"angle": -22.5, "axis": "z", "origin": [13.1, 10.5, 5.75]},
			"faces": {
				"north": {"uv": [0, 0, 0, 1.5], "texture": "#3"},
				"east": {"uv": [4.25, 7.25, 3, 8.75], "texture": "#3"},
				"south": {"uv": [0, 0, 0, 1.5], "texture": "#3"},
				"west": {"uv": [3, 7.25, 1.75, 8.75], "texture": "#3"},
				"up": {"uv": [0, 1.25, 0, 0], "texture": "#3"},
				"down": {"uv": [0, 0, 0, 1.25], "texture": "#3"}
			}
		},
		{
			"from": [6.5, -3, 11],
			"to": [9.5, 5, 14],
			"rotation": {"angle": 0, "axis": "y", "origin": [5.5, -1, 12]},
			"faces": {
				"north": {"uv": [4.25, 7.25, 5, 9.25], "texture": "#3"},
				"east": {"uv": [5, 7.5, 5.75, 9.5], "texture": "#3"},
				"south": {"uv": [5.75, 7.5, 6.5, 9.5], "texture": "#3"},
				"west": {"uv": [6.5, 7.75, 7.25, 9.75], "texture": "#3"},
				"up": {"uv": [9.75, 4.25, 9, 3.5], "texture": "#3"},
				"down": {"uv": [9.75, 4.25, 9, 5], "texture": "#3"}
			}
		},
		{
			"from": [8, -8, 11],
			"to": [8, 6, 19],
			"rotation": {"angle": 0, "axis": "y", "origin": [7, -1, 12]},
			"faces": {
				"north": {"uv": [0, 0, 0, 3.5], "texture": "#3"},
				"east": {"uv": [0, 0, 2, 3.5], "texture": "#3"},
				"south": {"uv": [0, 0, 0, 3.5], "texture": "#3"},
				"west": {"uv": [2, 0, 4, 3.5], "texture": "#3"},
				"up": {"uv": [0, 2, 0, 0], "texture": "#3"},
				"down": {"uv": [0, 0, 0, 2], "texture": "#3"}
			}
		},
		{
			"from": [7, 6.96194, 1.80866],
			"to": [9, 13.96194, 3.80866],
			"rotation": {"angle": -45, "axis": "x", "origin": [8, 10.46194, 2.80866]},
			"faces": {
				"north": {"uv": [1, 8.25, 1.5, 10], "texture": "#3"},
				"east": {"uv": [8.5, 2, 9, 3.75], "texture": "#3"},
				"south": {"uv": [8.5, 3.75, 9, 5.5], "texture": "#3"},
				"west": {"uv": [8.5, 7.5, 9, 9.25], "texture": "#3"},
				"up": {"uv": [5, 6.5, 4.5, 6], "texture": "#3"},
				"down": {"uv": [5, 6.5, 4.5, 7], "texture": "#3"}
			}
		}
	],
	"display": {
		"thirdperson_righthand": {
			"rotation": [75, 45, 0],
			"translation": [0, 2.5, 0],
			"scale": [0.375, 0.375, 0.375]
		},
		"thirdperson_lefthand": {
			"rotation": [75, 45, 0],
			"translation": [0, 2.5, 0],
			"scale": [0.375, 0.375, 0.375]
		},
		"firstperson_righthand": {
			"rotation": [0, 45, 0],
			"scale": [0.4, 0.4, 0.4]
		},
		"firstperson_lefthand": {
			"rotation": [0, 45, 0],
			"scale": [0.4, 0.4, 0.4]
		},
		"ground": {
			"translation": [0, 2.25, 0],
			"scale": [0.5, 0.5, 0.5]
		},
		"gui": {
			"rotation": [30, 225, 0],
			"translation": [0, 0.25, 0],
			"scale": [0.625, 0.625, 0.625]
		},
		"head": {
			"translation": [0, 6.25, 0],
			"scale": [1.62, 1.62, 1.62]
		}
	},
	"groups": [
		{
			"name": "group",
			"origin": [7, -2, 0],
			"color": 0,
			"children": [0, 1, 2, 3]
		},
		4,
		5,
		6,
		7,
		8,
		9,
		10
	]
}